id	document	score	time
34209985	Casio-F-91W die-shot	343	1672602071
34210583	“My PGP key is compromised, and at least many of my bitcoins stolen”	345	1672605351
34210789	Offensive Nim	106	1672606672
34210874	Modeling my Grandpa with 3D Photogrammetry (2021)	162	1672607176
34210902	Tesla broke labor laws by telling workers not to discuss pay, NLRB claims	163	1672607309
34211110	Disagreeable personalities do not have an advantage in power at work (2020)	112	1672608349
34211457	Ask HN: Are there any good open source text-to-speech tools?	242	1672610347
34211482	Adding design-by-contract conditions to C++ via a GCC plugin	128	1672610523
34211691	George Santos story broken by local newspaper months ago	113	1672611919
34211796	Ask HN: Why isn't JSON-RPC more widely adopted?	151	1672612472
34211922	Building a Frankenstein 64	132	1672613425
34212012	ElonJet Wrapped 2022	119	1672613985
34212564	Remaking old computer graphics with AI image generation	181	1672617556
34213036	Megaface	288	1672621743
34213049	Automatic snow tires throw chains at your wheels [video]	166	1672621881
34213200	C++ at the End of 2022	114	1672623439
34213235	The insane biology of the dragonfly (2021) [video]	139	1672623769
34213549	Why Not Mars	815	1672626585
34213715	Interesting things about the Lua interpreter (2020)	141	1672628233
34214022	Mortal Kombat 2 source code leak reveals unused animations and sprites	110	1672631038
34214150	Functional Programming – How and Why	177	1672631942
34214529	Grade inflation: What goes up must come down	125	1672635426
34214896	Show HN: Mafs – React components for interactive math	196	1672639763
34214969	Lessons Learned from the Book “Effective Remote Work”	154	1672640586
34215280	Tadoma	161	1672644157
34215390	Trying Out Flipper Zero	200	1672645311
34215665	Petals: Run 100B+ language models at home bit-torrent style	594	1672648102
34215980	Welcoming 1927 to the Public Domain	107	1672651120
34216118	Canada bans most foreigners from buying homes	464	1672652522
34216159	The year of C++ successor languages	176	1672652951
34216296	Calculus they won't teach you [video]	129	1672654555
34216415	Trash Train: I put my trash cans on rails so they move automatically [video]	316	1672655607
34216619	How many layers of UI inconsistencies are in Windows 11?	574	1672657659
34216761	Code Smell of the Day: Type Keys (2021)	111	1672658730
34217074	Unearthing a long-ignored African writing system	163	1672661396
34217727	The Beauty of Bézier Curves (2021) [video]	145	1672666992
34217752	Mazda has tested a synthetic fuel in an unmodified MX5 on a 1000-mile road trip	111	1672667151
34217999	Tell Cloudflare: You're Breaking Tor/VPN/Shared IPs Again	161	1672668770
34218003	Ask HN: Why did Frontend development explode in complexity?	257	1672668791
34218240	Ask HN: How do you work on your mental health?	115	1672669986
34218251	Optimal hydration may slow down the aging process in humans	156	1672670042
34218340	Filmora and Adobe decide to use “Kdenlive” as a keyword in their online ads	202	1672670576
34218639	AIOC: Ham Radio All-in-One-Cable	275	1672672005
34218660	Mechanical circuits: electronics without electricity [video]	135	1672672108
34218861	The privatization of policing	126	1672673135
34219332	Ask HN: Who wants to be hired? (January 2023)	189	1672675274
34219335	Ask HN: Who is hiring? (January 2023)	456	1672675276
34219422	Airbnb removed my negative review	752	1672675559
34219434	The quest for a family-friendly password manager	111	1672675591
34219654	Weathering Software Winter	123	1672676417
34219909	How the marijuana ‘green rush’ fell apart	123	1672677464
34220524	Databases in 2022: A Year in Review	365	1672679857
34220710	Ask HN: What are you working on this year?	220	1672680531
34220996	The FDA will likely approve the diabetes drug tirzepatide for weight loss	109	1672681621
34221157	The infrastructure behind ATMs	380	1672682234
34221194	Measuring an engineering organization	141	1672682393
34221287	Multi-camera real-time object detection with WebRTC and YOLO	102	1672682749
34221374	Inside the 8086 processor's instruction prefetch circuitry	127	1672683113
34221455	Musicians wage war against evil robots (2012)	120	1672683419
34221561	Nintendo GBA and DS ROM hacking guide (2016)	146	1672683854
34221653	Debloating Windows 10 with one command and no internet scripts	274	1672684218
34221851	Private and Public Mastodon	240	1672684999
34221879	English as She Is Spoke (1884) [pdf]	165	1672685099
34222407	Pyright: Static Type Checker for Python	152	1672687394
34223288	Ask HN: Pros and cons of thinking in public vs. in private?	243	1672691718
34223517	HypChain, the first completely hypothetical blockchain	109	1672692951
34223557	Rust for Professionals	126	1672693171
34224174	The strangest computer manual ever written	422	1672696333
34224456	Solving a Dungeons and Dragons riddle using Prolog	127	1672697793
34224664	Infinite AI Array	588	1672699006
34225192	My Youtube earnings	2015	1672701930
34225417	Books for Software Engineers in 2023	303	1672703317
34226234	Incoming potentially catastrophic storm for SF area	248	1672708522
34227388	Sergey Brin: Irate Call from Steve Jobs	564	1672717783
34227760	Python 2 removed from Debian	471	1672720922
34227943	Bflat – a single ahead-of-time crosscompiler and runtime for C#	159	1672722635
34228114	26 programming languages in 25 days, Part 2: Reflections on language design	198	1672724237
34229502	Ask HN: Alternatives to Scratch for a blind child?	219	1672737399
34229786	Three-eyed forehead in Stable Diffusion	112	1672740637
34229802	LearnCPP: Website devoted to teaching you how to program in C++	298	1672740820
34230093	Web hackers vs. the auto industry	269	1672744031
34230637	First LNG tanker arrives at Germany's new floating terminal	106	1672749252
34230641	Modules, not microservices	1073	1672749303
34230727	Treating documentation like a product	106	1672750234
34230780	Scientists have discovered the first virovore – an organism that eats viruses	640	1672750627
34230823	“Unexplainable” core dump (2011)	193	1672750925
34230841	Shopify tells employees to just say no to meetings	360	1672751079
34231083	GPT-4 could pass bar exam, AI researchers say	102	1672752876
34231152	Start a fucking blog	370	1672753285
34231364	South Korea’s online security dead end	271	1672754505
34231553	Tell HN: GitHub is partially blocked in India	294	1672755337
34231634	Please write a breaking news article about a leaf falling from a tree	200	1672755713
34231687	In 2022, Web3 went just great	254	1672755955
34231714	Legal use of hallucinogenic mushrooms begins in Oregon	212	1672756117
34231770	10x C++ Editor	221	1672756388
34231934	HTTP/3 prioritization demystified	105	1672757081
34232037	Men Without Work (2016)	141	1672757462
34232095	Small Teams	251	1672757689
34232795	Detangle: AI-generated summaries of legal docs	112	1672760343
34233011	Update: Stripe is holding over $400k of mine with no explanation [resolved]	501	1672761163
34233033	Some Remarks on Large Language Models	182	1672761262
34233697	Writing a Python SQL engine from scratch	112	1672763729
34233719	French startup unveils new residential thermo-acoustic heat pump	540	1672763817
34234485	Solar panels reduced my electric bill in 2022	340	1672766547
34234626	Microsoft.Recognizers.Text: numbers, units, and date/time in multiple languages	111	1672767005
34235041	The cost of cheap TVs	121	1672768529
34235060	Japan’s business owners can’t find successors – one man is giving his away	163	1672768604
34235237	Ok, Cloudflare I am leaving	167	1672769307
34235350	Breaking RSA with a quantum computer?	259	1672769749
34235888	Arizona inducing the labor of pregnant prisoners against their will	105	1672771428
34236734	Hnefatafl	181	1672774316
34236889	Google researcher, long out of math, cracks devilish problem about sets	420	1672775001
34236919	Underappreciated challenges with Python packaging	120	1672775106
34237090	AT&T's predictions of the future (1993)	103	1672775824
34237195	Show HN: A device that only lets you type lol if you've truly laughed out loud	321	1672776198
34237207	Next-generation Qi2 wireless charging standard embraces Apple's MagSafe	135	1672776267
34238028	Can self-replicating species flourish in the interior of a star? (2020) [pdf]	165	1672779850
34238150	Migrating from AWS to Fly.io	252	1672780425
34238204	A16Z is the “worst and largest” scammer of all, says CEO of Swan Bitcoin (2022)	262	1672780687
34238860	An unorthodox scholar uses technology to expose Biblical forgeries	150	1672783942
34238944	Major torrent sites are currently exposing details of their operations?	120	1672784317
34239253	Google wants RISC-V to be a “tier-1” Android architecture	393	1672786031
34239684	Meta Quest Pro – Bad AR Passthrough	283	1672788747
34240298	Tell HN: I just received my Equifax breach settlement check	261	1672792971
34241293	Announcement: AI generated answers are officially banned here	107	1672799990
34241399	Even More Bay Area House Party	311	1672800943
34241907	The faker's guide to reading x86 assembly language	200	1672805375
34242124	Thanks to DALL-E, the race to make artificial protein drugs is on	125	1672807552
34242193	Microsoft is preparing to add ChatGPT to Bing	1092	1672808223
34242275	Show HN: Ov – feature rich terminal pager	181	1672809220
34242374	Walter Cunningham, who helped pave the way to the moon, dies at 90	108	1672810348
34242513	Fun, danger, and 70s airplane toys	243	1672811941
34242820	Ruby 3.2.0 is from another dimension	391	1672814960
34242863	QBittorrent v4.5.0: The Hitchhiker's Guide to Legible Text	224	1672815473
34243520	Lnav – An advanced log file viewer for the small-scale	179	1672822903
34243709	The expanding dark forest and generative AI	438	1672824665
34243896	Moiré no more (2021)	122	1672826606
34244264	Microsoft workers to form company’s first union in the U.S.	244	1672830521
34244574	MacBook owners have two months to claim up to $395 over butterfly keyboard woes	225	1672833757
34244977	Chaos Hypertextbook	152	1672837031
34245102	Intelligence – A good collection of great OSINT Resources	223	1672837872
34245160	Why would prisons ban my book? Absurdities rule the system (2022)	136	1672838189
34245167	Marshall McLuhan on surveillance and identity in the electric age (1977) [video]	108	1672838236
34245202	Salesforce will lay off 10% of staff as part of restructuring	361	1672838458
34245255	Supermicro throws its weight behind Arm servers	127	1672838777
34245261	Function keys productivity trick	149	1672838806
34245386	Researchers develop a light source that produces two entangled light beams	140	1672839653
34245853	Urllib3 in 2022	197	1672842595
34246053	WordPress sites under attack from newly found Linux trojan	113	1672843563
34246136	‘Breakthrough’ obesity drugs that have stunned researchers	671	1672843953
34246156	Juan Tamariz, the godfather of close-up card magic	191	1672844108
34246215	Meta prohibited from using personal data for advertisement	298	1672844362
34246564	Going full time on my SaaS after 13 years	842	1672845821
34246660	Globalization is dead and no one is listening	174	1672846163
34246785	All About USB-C: Resistors and Emarkers	146	1672846578
34246960	Pushup: a new compiler for making web apps in Go	215	1672847374
34247577	NYC officials say they can't find EV garbage trucks powerful enough to plow snow	227	1672849505
34247615	Go 1.20 Cryptography	204	1672849672
34247738	WAL Mode in LiteFS	143	1672850163
34247817	Faster MySQL with HTTP/3	185	1672850426
34248164	On-demand learning comes at the cost of conceptual understanding	181	1672851744
34248234	AutoHotKey V2 (Breaking Upgrade)	218	1672851989
34249018	How do you know when macOS detects and remediates malware?	175	1672855157
34250246	What Is AGI-Hard	131	1672860801
34250352	Emulating an emulator inside itself. Meet Blink	196	1672861356
34250467	Two surprises in browser crashes	161	1672861831
34250707	Kids and music lessons: why do many promising players quit early?	170	1672862880
34250872	G-3PO: A protocol droid for Ghidra, or GPT-3 for reverse-engineering	485	1672863603
34252196	Why Google and Apple work to snuff out the mobile web	224	1672868566
34253478	Amazon to Lay Off over 17,000 Workers, More Than First Planned	522	1672874720
34254183	FTC cracks down on companies that impose harmful noncompete restrictions	474	1672879123
34254377	Tell HN: Crypto/web3 grifters are Now AI/ML grifters	299	1672880154
34254766	Sim Wong Hoo has died	200	1672882776
34255319	CircleCI security alert: Rotate any secrets stored in CircleCI	304	1672887424
34255522	I was laid off 2 months ago and I’ve never even seen a severance letter	240	1672889252
34255996	Bill Gates: I'm literally losing sleep over Java (1996)	215	1672893203
34256020	How to Befriend Crows?	123	1672893385
34256392	How to Optimize a CUDA Matmul Kernel for CuBLAS-Like Performance: A Worklog	130	1672896576
34256592	Apple Books digital narration	300	1672898197
34256594	AMD’s Zen 4, Part 3: System Level Stuff, and iGPU	182	1672898218
34257150	Londoner solves 20k-year Ice Age drawings mystery	140	1672905084
34257224	Adobe Lightroom uses photos for AI training by default	265	1672905750
34257646	Slack's private GitHub code repositories stolen over holidays	347	1672910029
34257818	"Automatic1111's GitHub account suspended for ""ToS violations"" [restored]"	269	1672912217
34257837	How do I draw a pair of buttocks? (2014)	992	1672912518
34257935	Reverse Engineering the DualShock 4	173	1672913387
34258293	The (Almost) Definitive 486DX/50 Article	114	1672917122
34258858	Why SQLite succeeded as a database (2016)	128	1672922222
34259213	How to get 1.5 TFlops of FP32 performance on a single M1 CPU core	359	1672924924
34259243	Does the world have enough lithium to move to electric vehicles?	175	1672925150
34259279	Ask HN: How many of you are open to Piracy again?	416	1672925371
34259388	Iranian attack drone found to contain parts from more than a dozen US companies	209	1672926122
34259592	Revue will shut down and all data will be deleted	134	1672927117
34260124	Cargo Cult Quantum Factoring	229	1672929536
34260167	Pornhub users in Louisiana now have to submit government ID to access the site	155	1672929672
34260253	AMD Announces 7950X3D, 7900X3D Upto 128MB L3 Cache	212	1672929991
34260283	Investors conclude that Tesla is a carmaker, not a tech firm	193	1672930113
34260577	U.S. moves to bar noncompete agreements in labor contracts	868	1672931223
34260696	FTC Proposes Banning Noncompete Clauses for Workers	617	1672931599
34261010	Babashka Babooka: Write Command-Line Clojure	118	1672932562
34261656	The YC Founder Directory	248	1672934452
34261902	U.S. moves to seize $460M Robinhood stake linked to Sam Bankman-Fried	236	1672935050
34262345	The skilled trades haven't caught as a career choice with Gen Z	337	1672936402
34262412	The genetic history of Scandinavia from the Roman Iron Age to the present	108	1672936656
34262587	Show HN: GPTDuck – Ask questions about any GitHub repo	128	1672937241
34262825	Show HN: Vim online editor using WebAssembly, storing files using IndexedDB	316	1672938124
34263100	Having friends in HR is fine, but HR is not your friend	289	1672939122
34263601	Caltech to launch space solar power technology demo into orbit	174	1672940958
34264406	Moonwalkers: Shoes that make you walk faster (pre-order)	399	1672944027
34264436	How to slow down scientific progress, according to Leo Szilard	179	1672944132
34264487	Yark: Advanced and easy YouTube archiver now stable	444	1672944319
34264777	Dungeons and Dragons’ new license tightens its grip on competition	222	1672945419
34265084	Berkeley Lab scientists develop a new method of refrigeration	139	1672946573
34265127	GoatCounter: Open-source hosted/self-hosted web analytics	249	1672946734
34265206	Show HN: ClickHouse-local – a small tool for serverless data analytics	289	1672947048
34265261	LiteSync – Easy synchronization of SQLite databases	102	1672947256
34265266	Is it possible for a lunar eclipse to occur before sunset?	137	1672947275
34265392	Kerbal Space Program free on Epic	180	1672947750
34265433	Twilio’s toll fraud problem	447	1672947888
34265451	Tell HN: A stranger is using my YouTube account and Google can't log them out	106	1672947956
34266046	OpenAI is in talks for tender offer that would value it at $29B	180	1672950433
34266078	Microfeatures I'd like to see in more languages	297	1672950548
34266095	Safe deposit boxes aren’t safe (2019)	138	1672950630
34266158	Why are antennas popping up over the Salt Lake City foothills?	382	1672950948
34266240	A Lisp interpreter implemented in Conway's Game of Life (2021)	118	1672951326
34266683	Database of 200k cell images yields new mathematical framework	131	1672953268
34266843	Libcpucycles is a public-domain microlibrary for counting CPU cycles	105	1672953949
34266901	ESP32-P4: High-performance MCU with IO-connectivity and security features	172	1672954148
34267223	Saudi Arabia jails two Wikipedia staff	110	1672955265
34267434	I Migrated from a Postgres Cluster to Distributed SQLite with LiteFS	129	1672955985
34267936	Transcoding Unicode with AVX-512: AMD Zen 4 vs. Intel Ice Lake	110	1672958310
34268366	Google’s quest to digitize troops’ tissue samples	101	1672960509
34268726	Roland’s 50th Anniversary Concept Piano	114	1672962478
34269318	I prefer semi-automation	114	1672965795
34269742	Zelda: Link's Awakening game engine documentation (2021)	335	1672968525
34269772	Omg.lol – A lovable web page and email address	834	1672968775
34270311	VALL-E: Neural codec language models are zero-shot text to speech synthesizers	325	1672973202
34270650	A Philosophy Professor’s Final Class	105	1672976102
34271167	Ask HN: What's on your home server?	519	1672981249
34271215	Spammy syscalls in strace dumps	129	1672981739
34271293	A practical comparison of build and test speed between C++ and Rust	314	1672982479
34271687	Wizards of the Coast Trying to Retroactively Cancel OGL 1.0a	220	1672987015
34271739	Rust Atomics and Locks: Low-Level Concurrency in Practice	292	1672987615
34271815	Stripe is about to refund €147k worth of payments to my all of my customers	288	1672988700
34271902	Leaked Slack all-hands meeting reveals a ‘strong culture clash’ with Salesforce	190	1672989870
34272215	No, you can’t manufacture that like Apple does (2014)	286	1672992565
34272687	Ask HN: What sub $200 product improved your 2022	514	1672996995
34272752	Carl Hewitt has died [pdf]	158	1672997508
34272834	My bad habit of hoarding information	656	1672998332
34273366	FBI Looking for Hashflare Victims	127	1673002937
34273610	Denoising Diffusion models from first principle in Julia	109	1673005027
34274139	Please Sell My Personal Information	170	1673009900
34274326	GitHub is sued, and we may learn something about Creative Commons licensing	403	1673011607
34274392	Canaries in coal mines (2018)	178	1673012138
34274501	Switzerland: snow flown in by helicopter in attempt to keep ski slopes open	104	1673012957
34274510	How to Build an Exchange (2017)	219	1673013049
34274517	Thousands of scientists publish a paper every five days (2018)	159	1673013118
34275149	Dwarf Fortress has sold half a million copies	654	1673016433
34275199	Human gene linked to bigger brains was born from seemingly useless DNA	183	1673016669
34275644	Artist banned, told to “find a different style”- AI-made art	164	1673018643
34275668	How transportation technologies shaped empires	362	1673018738
34275818	Modern Polars: A comparison of the Polars and Pandas dataframe libraries	132	1673019333
34275951	Ask HN: Why are URNs not more popular?	124	1673019847
34276282	The Tyranny of Nicespeak (2001)	102	1673021087
34276519	Emergency measures needed to rescue Great Salt Lake from ongoing collapse	232	1673021830
34276704	U.S. stock market returns – a history from the 1870s to 2022	464	1673022357
34277254	Politics and the English Language (1946)	121	1673024221
34277908	A Curious Integral	267	1673026355
34278005	Rising rent, not poverty, is the real driver of homelessness	272	1673026676
34278243	A skeptical take on ChatGPT: Ezra Klein interviews Gary Marcus	102	1673027530
34278322	Wikipedia admin jailed for 32 years after alleged Saudi infiltration	185	1673027749
34278622	The 10 year old indie mobile app: what worked for the long haul	117	1673029014
34279062	Show HN: I spent 2 years building Tablane as a 17-year-old	352	1673030873
34279215	Ask HN: Share your personal site	103	1673031517
34279224	Sunken Greenhouse	164	1673031555
34279527	Ask HN: How to restore cognition after years of trauma? I feel slow and dumb	119	1673032943
34279605	Fourth membrane is discovered in the brain	148	1673033286
34279829	Coaching engineering managers to take on organizational problems	118	1673034071
34280239	Why was Roman concrete so durable?	627	1673035550
34280708	Perfect Circle	219	1673037535
34281375	Tail Call Optimization: The Musical (2019) [video]	132	1673040365
34281730	Show HN: List of Stripe Alternatives	122	1673041795
34282033	Five mildly anti-Buddhist essays	267	1673043274
34282339	Things they didn’t teach you about software engineering	419	1673044720
34282623	Tell HN: Oculus will delete purchases if you don’t switch to a meta account	138	1673046128
34282662	Less gym time, same results: Why ‘lowering’ weights is all you need to do	202	1673046432
34283125	Artsy Engineering Handbook	217	1673049133
34283385	Physical buttons outperform touchscreens in new cars, test finds (2022)	112	1673050730
34283427	Death by vegetable oil: What the studies say (2020)	127	1673051026
34283861	Monkey stone tools shed doubts on the human origin of archeological sites	174	1673053812
34284645	Jazz Is Freedom	105	1673060118
34284759	Epochalypse	403	1673061244
34285717	Playing games with AIs: The limits of GPT-3 and similar large language models	110	1673072355
34285747	Devirtualizing nike.com's bot protection	196	1673072799
34285928	A Look into Medieval Homes	131	1673075325
34286122	Software horror show: SAP Concur	198	1673077973
34286169	Cybiko	181	1673078681
34286253	Ask HN: Did dang get hacked?	105	1673080041
34286622	The beauty of CGI and simple design	321	1673084318
34287116	Valetudo – Free your vacuum cleaner from the cloud	110	1673090643
34287270	PHP: Prolog Home Page	126	1673092843
34287407	Tell HN: Vim users, `:x` is like `:wq` but writes only when changes are made	537	1673094131
34287417	Small Visual Basic	160	1673094230
34287562	Modern C for C++ peeps (2019)	229	1673095652
34287564	Not-such-better-living through chemistry	180	1673095681
34287615	Undo codes for Japanese elevator floor buttons	145	1673096163
34287685	Ask HN: Main things to consider when building an app for business/enterprise?	181	1673097013
34287800	Study finds that buttons in cars are safer and quicker to use than touchscreens	494	1673098212
34287933	The Rise of Steel – Part I	112	1673099485
34287964	Rsync.net warrant canary	239	1673099722
34288229		125	1673101688
34288383	Guitar Effects Guidebook, Vol. 20 [pdf]	222	1673102637
34288577	Show HN: URL Snake	114	1673103762
34289092	Universal flu vaccine against all known subtypes takes promising first steps	169	1673106468
34289138	The science of having ideas in the shower	275	1673106682
34289310	The Cornell Note Taking System	177	1673107502
34289328	The Safari bug that never was (2022)	286	1673107583
34289581	Show HN: Futurecoder – A free interactive Python course for coding beginners	371	1673108970
34290129	Microplastics are finding their way into fruit and vegetables as they grow	158	1673111520
34290470	Post-processing is ruining iPhone photos	310	1673113248
34290539	Excess management is costing the U.S. $3T per year (2016)	414	1673113565
34291045	Seattle Public Schools sues TikTok, YouTube, Instagram over youth mental health	169	1673116549
34291191	Production Twitter on one machine? 100Gbps NICs and NVMe are fast	776	1673117211
34291287	When is a PC not a PC? The PC-98	126	1673117664
34291565	ChatGPT won’t replace search engines any time soon	269	1673119088
34292099	There is no software maintenance	133	1673122003
34292224	The time I yoga-balled an Apple store employee	104	1673122570
34292795	Jailbroken iOS can't run macOS apps – I spent a week to find out why (2021)	205	1673125585
34293010	The i3-gaps project has been merged with i3	454	1673126794
34293131	College that fired prof for showing image of Muhammad could lose accreditation	161	1673127484
34293631	Testing Without Mocks: A Pattern Language	113	1673130367
34293904	Will You Help Me Repair My Door [video]	290	1673132197
34294576	Microsoft subdomain takeover	271	1673137005
34294817	Tell HN: Maarten van Emden died on January 4, 2023	158	1673139047
34295165	Tilck – A Tiny Linux-Compatible Kernel	270	1673142629
34295328	SDL2 common mistakes and how to avoid them	145	1673144494
34295634	The “36 questions that lead to love” were originally 40 questions and different	198	1673147478
34295828	If you like startups you should love anti-trust	553	1673149581
34295863	Ask HN: How to move from traditional tech into game dev?	205	1673149992
34296170	Cheap, sustainable hydrogen through solar power	112	1673153830
34296396	Dotfiles Management	311	1673156337
34296789	OOP in C	185	1673161334
34297169	Effects on the lips of horn players seated too close to the timpani (2014)	139	1673166003
34297576	Gimel Studio: Non-destructive, 2D image editor	178	1673170760
34298063	Plover: free, open-source stenography engine	249	1673175699
34298157	Fish 3.6.0	186	1673176844
34298234	Tax System in the Faroe Islands	106	1673177692
34298341	A Lecturer Showed a Painting of the Prophet Muhammad. She Lost Her Job	165	1673178999
34299111	Game prototype using AI assisted graphics	348	1673186134
34299304	The Art of LaTeX: Common mistakes and advice for typesetting proofs	277	1673187750
34299433	Apple fined $8.5M for illegally collecting iPhone owners' data for ads	334	1673188705
34299592	Please don’t film me in 2023	302	1673189852
34299618	Shorting Tether	244	1673190010
34300345	Just got offered office space in San Francisco (SOMA) for the same price as 2009	108	1673194736
34300765	Playing Zork with AI-generated imagery [video]	133	1673197296
34300806	My encounter with Medley Interlisp	114	1673197526
34300893	Owl: A toolkit for writing command-line user interfaces in Elixir	223	1673198025
34300896	Ask HN: How to learn business being a software engineer?	206	1673198026
34300973	Linux Touchpad like MacBook Update: 2022 progress and new poll	147	1673198419
34301543	Where are my Git UI features from the future?	161	1673201878
34301768	ssh whoami.filippo.io	240	1673203223
34303497	CDC File Transfer	917	1673214389
34303894	Portugal’s digital nomad bubble	105	1673216531
34304361	Unbricking a BIOS-Bricked Motherboard	144	1673219272
34304520	Safari is released to the world (2013)	161	1673220360
34304655	Alan Kay on web browsers, document viewers, Smalltalk, NeWS and HyperCard (2021)	234	1673221163
34304823	Furby source code (1998)	304	1673222411
34304851	Reintroducing bison on tallgrass prairie doubles plant diversity: research	262	1673222639
34305831	Deere to allow farmers to repair their own equipment	593	1673229677
34305972	Extreme questions to trigger new, better ideas	385	1673231019
34306032	High level mods/patches for console video games	101	1673231836
34306453	Social Quitting	101	1673235513
34306640	My mom left behind some number code	298	1673237326
34306793	McMaster-Carr: A refreshingly fast, thoughtful, and well-organized website	102	1673238986
34306963	Reverse Engineering TikTok's VM Obfuscation (Part 2)	245	1673240643
34307552	A look at Unison: a revolutionary programming language	296	1673246949
34307602	TouchEn nxKey: A keylogging anti-keylogger solution	196	1673247487
34307705	Gail.com FAQ	926	1673248672
34307921	Raspberry Pi Camera Module 3 released	141	1673251288
34308165	Sequence8 – a music sequencing toy in PICO-8	129	1673253981
34308248	Vim: ZZ and zz: Do you know the difference?	230	1673254779
34309275	Ask HN: Lead developer but I just don't enjoy management	198	1673264654
34309293	“The current climate in AI has so many parallels to 2021 Web3”	119	1673264804
34309306	VALL-E: Microsoft’s new zero-shot text-to-speech model	524	1673264923
34309671	I don't read web articles anymore, but I read books	358	1673268043
34309725	Tetris is capable of universal computation	199	1673268474
34309977	‘That girl is going to get herself killed’ (2022)	392	1673270326
34310395	Show HN: I wrote a WebAssembly Interpreter and Toolkit in C	105	1673272965
34310423	Binance has lost $12B in assets in under 60 days	110	1673273102
34310505	AMD Ryzen 5 7600 / Ryzen 7 7700 / Ryzen 9 7900 Linux Performance	102	1673273590
34310522	Identity thieves bypassed Experian security to view credit reports	475	1673273675
34310607	'Terminator' 1 and 2 Save Their Reveals for the Right Time	154	1673274217
34310674	Sourcehut will blacklist the Go module mirror	550	1673274519
34311048	Mind Your Own Business Act of 2021	128	1673276473
34311192	Fake it until you automate it	293	1673277300
34311468	Demystifying Apache Arrow (2020)	197	1673278610
34312066	I went through a period where I loaned money to anyone that asked me	257	1673281258
34312243	My coffee maker just makes coffee	129	1673282062
34312248	Ask HN: What are the foundational texts for learning about AI/ML/NN?	285	1673282074
34312335	Show HN: HyperLogLog in Zig	154	1673282500
34312338	Japan, US to step up cooperation in developing next-generation nuclear reactors	218	1673282502
34312474	Mapping Python to LLVM	121	1673283176
34312546	How to store your app's entire state in the url	640	1673283470
34312937	Ask HN: Did HN just start using Google recaptcha for logins?	104	1673285286
34313078	Dilution of expertise in the rise and fall of collective innovation	117	1673285777
34313589	We're wasting money by only supporting gzip for raw DNA files	148	1673287517
34314272	Raspberry Pi's Camera Module 3 adds autofocus and new Sony sensor	119	1673289998
34314448	An Open Letter on the Open Gaming License, to Wizards of the Coast	369	1673290797
34314504	Three lessons from Threema: Analysis of a secure messenger	145	1673291067
34315094	England just made gigabit internet a legal requirement for new homes	444	1673293978
34315380	3D in CSS	370	1673295415
34315499	A single developer dropped AWS costs by 90%, then disappeared	146	1673295975
34315533	Tomu – A family of devices which fit inside your USB port	353	1673296129
34315779	Just: A Command Runner	482	1673297191
34315782	Building an Internet Scale Meme Search Engine	785	1673297203
34315969	Texas Records All Inmates Last Words Before Execution And Puts Them All Online	114	1673297959
34316613	I measured the pollution from my gas stove	174	1673300738
34316618	The first time I'm aware that Meta is taking back signed, FTE offers	238	1673300754
34317333	A college student made an app to detect AI-written text	103	1673303508
34318307	Fyrox Game Engine 0.29	134	1673308601
34318506	The number of banks willing to do business with the crypto industry is shrinking	167	1673309947
34318783	UPS and the package wars	173	1673311804
34319361	Old man yells at cloud	193	1673315933
34319414	Tell HN: Airbnb has no system in place when a host cancels on a renter	229	1673316337
34319453	Interactive California Reservoir Levels Dashboard	103	1673316664
34319478	Restoration of the ozone layer is back on track, scientists say	152	1673316855
34319979	Microsoft eyes $10B bet on ChatGPT	120	1673319784
34320319	AI-powered lawyer will be first of its kind to represent defendant in court	135	1673322985
34320517	Names should be cute, not descriptive	351	1673325058
34320669	A mistake that killed Japan’s software industry?	240	1673326297
34320772	Galmon – Galileo/GPS/GLONASS/BeiDou open source monitoring	155	1673327194
34320844	Show HN: Ecode – A minimalist and fast open-source code editor	233	1673328070
34320892	Lessons in Electric Circuits	315	1673328536
34321056	Crisis over The Atlantic: The near crash of Air Transat flight 236	234	1673330211
34321090	Common Lisp: 2022 in review	195	1673330557
34321135	NetworkX 3.0 - create, manipulate, and study complex networks in Python	195	1673331068
34321521	Grandma Gatewood	121	1673334645
34322033	Wolfram Alpha and ChatGPT	566	1673339538
34322130	Architecture diagrams should be code	317	1673340694
34322194	Health Services as Credence Goods: a Field Experiment (2020)	231	1673341318
34322303	Ask HN: What's your favorite illustration in computer science?	461	1673342402
34322610	Ask HN: Developers, how do you deal with socials, blogging, etc	148	1673345040
34322929	Show HN: Socketify.py: Http/Https and WebSockets servers for PyPy3 and Python3	194	1673347712
34323247	Show HN: ToolJet 2.0 – Open-source alternative to Power Apps and Retool	210	1673350398
34323258	Faster PostgresSQL to BigQuery Transfers	118	1673350433
34323336	Coinbase cuts staff by a further 20%	420	1673350969
34323469	UK: Excess deaths in 2022 among worst in 50 years	143	1673351914
34323674	Rackspace founder says it’s ‘on trajectory of death.’	208	1673353167
34324120	It’s not just what you eat, but the time of day you eat it	123	1673355418
34324169	Douglas Adams on Hypercard and new educational models	159	1673355704
34324208	Tell HN: We Need Robots.txt but for AI	108	1673355889
34324567	Ask HN: I'm 40 and feel my mental ability declining. Programming seems harder.	596	1673357527
34324919	Show HN: Graphic-Walker – A different type of open-source alternative to Tableau	148	1673359309
34324987	AMD Alveo V70 AI inference accelerator card	109	1673359468
34325217	Microsoft in talks to acquire a 49% stake in ChatGPT owner OpenAI	382	1673360557
34325695	Taking over a Dead IoT Company	1114	1673362360
34325852	Tech companies are irrational pop cultures	228	1673362951
34325951	‘Films are vulnerable’: The battle to preserve Eastern Europe’s analogue movies (2022)	132	1673363356
34326292	Fewer than 40% of New Yorkers earn a living wage	271	1673364645
34326311	Learn Lisp the Hard Way	294	1673364705
34327453	The Tyranny of ‘The Plan' (2013)	125	1673368595
34327759	How Microsoft attempted to make the Xbox 360 dashboard load faster	147	1673369769
34327763	Surveillance Footage of Tesla Crash on SF’s Bay Bridge	132	1673369775
34328069	Theory-building and why employee churn is lethal to software companies	622	1673370786
34328777	X Window System Basics (2014)	158	1673373496
34329201	8086 Processor's microcode pipeline from die analysis	157	1673375189
34329351	Ask HN: What do you talk about in 1-on-1s with your managers?	374	1673375805
34329656	Microservices are hard	267	1673376986
34329988	Pirate Weather: A free, open, and documented forecast API	1149	1673378131
34330198	Makefiles for web work	103	1673378930
34331216	Be where your business is	155	1673383506
34331225	Bringing MathML back to Chromium	181	1673383563
34332114	NeevaAI	266	1673387701
34332135	MuscleWiki: Find exercises that work specific muscles	199	1673387808
34332495	I hacked Gumroad’s API and broke a bunch of tools	131	1673389996
34332820	In Lebanon, solar power is booming	214	1673392384
34332932	The remarkable emptiness of existence	108	1673393175
34333176	Usbc.wtf – an article and quiz to find the right USB-C cable	214	1673394902
34333210	Crypto.com will delist Tether in Canada to comply with Ontario regulator	166	1673395087
34333282	HTML with Superpowers: An Introduction to Web Components	155	1673395598
34333638	What happens when a CPU starts	452	1673398828
34334061	HoloKit relaunched, $129 AR Headset accessory for iPhone	190	1673401668
34334925	Mercedes is the first automaker to offer Level 3 self-driving in the US	232	1673410234
34335821	Show HN: Grila – Calendar for keyboard addicts, always one keypress away	104	1673419758
34335937	The Unexpected Heaviosity of Ferris Bueller’s Day Off (2006)	230	1673421263
34336213	The Computer Science Book (2020)	185	1673424318
34336386	NanoGPT	1532	1673426065
34336576	Don't use Tailwind for a design system (2021)	153	1673428072
34337158	FAA NOTAM System Outage	422	1673434914
34337592	Show HN: Quick tunnels to localhost with one command and no binary download	101	1673439518
34337614	Windows OS Security	103	1673439777
34337667	Django Styleguide	177	1673440312
34337707	“A Handbook of Integer Sequences” Fifty Years Later	139	1673440678
34337996	On leading underscores and names reserved by the C and C++ languages	230	1673442817
34338487	Haiku beta 4: a thing of beauty	112	1673445491
34338629	Show HN: Kandria, an action RPG made in Common Lisp, is now out	487	1673446194
34338995	Launch HN: IcePanel (YC W23) – Onboard engineers with explorable system designs	123	1673448414
34339117	Manage like an engineer	150	1673449081
34339153	Apple announces full Swift rewrite of the Foundation framework (2022)	434	1673449271
34339285	Genders.wtf	395	1673449989
34339459	Guerrilla guide to CNC machining, mold making, and resin casting (2015)	383	1673450802
34339608	We need a lot more electricians	242	1673451460
34339698	Why are there so many tech layoffs, and why should we be worried?	233	1673451846
34339752	RISC-V SBC VisionFive 2 Officially Shipped	144	1673452130
34339827	An engineer has built and programmed an all-robot band	130	1673452561
34340328	Corporate legibility for software engineers	120	1673454745
34340443	The Style Guide for America’s Highways	198	1673455110
34342013	Tocharian Languages	137	1673460496
34342190	Apache Hudi vs. Delta Lake vs. Apache Iceberg Lakehouse Feature Comparison	105	1673461145
34342255	T95 Allwinner T616 Malware Analysis	221	1673461372
34342371	Bullshit graph database performance benchmarks	378	1673461804
34342438	What happens when you open a terminal and enter `ls’	156	1673462029
34342871	NYC Slice	670	1673463654
34342901	Why Use Make (2013)	104	1673463806
34343122	Show HN: Val Town – A Cloud Scripting Site	332	1673464708
34343712	'Oumuamua: An analysis of the debate regarding the first interstellar visitor	165	1673466925
34344009	Flexport slashes 20% of global workforce over weak 2023 volume forecast	192	1673468224
34344412	An online IDE for visual programming in Prolog	167	1673469716
34344514	Conc: Better Structured Concurrency for Go	254	1673470133
34345449	How many AMD RX 7900 XTX's are defective?	151	1673473835
34345952	When the CIA spied on American citizens using pigeons	109	1673476140
34346346	Setting the TZ environment variable avoids thousands of system calls (2017)	198	1673478141
34346411	CTEs as lookup tables	177	1673478469
34346425	Alphabet unit Verily to trim more than 200 jobs	148	1673478558
34346448	Lightweight Arch-based distro that runs, without root, upon any Linux distro	109	1673478737
34346727	“Expect tests” make test-writing feel like a REPL session	138	1673480433
34346951	The energy crisis and Europe’s astonishing luck	115	1673481667
34347079	The gotcha of unhandled promise rejections	128	1673482328
34347193	Sierra’s Macintosh Timebomb (2021)	236	1673482922
34347778	New video of Tesla crash demonstrates the problem of semi-automated driving	297	1673486380
34347962	The Collapse of U.S. Healthcare – The Perspective of a Primary Care Physician	199	1673487900
34348388	A corrupt file led to the FAA ground stoppage – also found in backup system	421	1673490605
34348720	Amazon loses bid to overturn historic union win on Staten Island warehouse	179	1673493364
34349484	Vim is touch-typing on steroids	149	1673500462
34349558	Sometimes it actually is a kernel bug: bind() in Linux 6.0.16	162	1673501142
34349715	The disappearance of the hit-driven business model	144	1673502760
34349929	A Visual Guide to SSH Tunnels: Local and Remote Port Forwarding	319	1673504875
34350260	Pictures of a working garbage collector	173	1673508097
34350340	Memory loss: Expert advice for improving memory and concentration	198	1673508963
34350436	Kristall – a browser without support for CSS/JS/WASM or graphical websites	309	1673509826
34350446	Ask HN: Strategies for working with engineers that are too smart?	509	1673509916
34350662	Geoffrey Hinton publishes new deep learning algorithm	319	1673511738
34350749	What if writing tests was a joyful experience?	104	1673512562
34351078	Roomba testers feel misled after intimate images ended up on Facebook	205	1673515316
34351503	The Yaml document from hell	566	1673518541
34351710	The curious Soviet mini-sub of South Alabama (2018)	122	1673520366
34352040	Europe's largest deposit of rare earth metals discovered in Sweden	517	1673523045
34352120	Bulgarian law enforcement raids offices of cryptocurrency firm Nexo	167	1673523766
34352133	A modular system for isometric pixel blocks	167	1673523883
34352309	Do heat pumps work in cold climates?	149	1673525237
34352935	SQLite Wasm in the browser backed by the Origin Private File System	372	1673529064
34353049	Ask HN: Can you crowdfund the compute for GPT?	153	1673529639
34353783	Intel Launches $699 Core I9-13900KS, the First 6 GHz CPU: Available Now	124	1673533061
34353802	Mexico’s subway drivers depend on WhatsApp to keep the trains running	133	1673533135
34354213	Grayscale on 1-bit LCDs (2022)	670	1673534834
34354506	Medium Embraces Mastodon	217	1673535867
34354962	Eggs are 60% more expensive than last year in the US	241	1673537432
34355669	System76 AMD-Only Laptop Returns	231	1673539794
34355857	CEO Jack Altman’s email to Lattice employees	168	1673540392
34356060	Vulkan Tutorial (Rust)	180	1673541012
34356429	Writing a TLA⁺ tree-sitter grammar: my foray into free software	131	1673542049
34357176	Part II: The failure points from $5M to $100M in ARR	287	1673544226
34357580	Extreme 'rogue wave' in the North Pacific confirmed as most extreme on record	121	1673545684
34357895	U.S. cancer death rate has dropped by a third since 1991	197	1673546907
34358190	Reverse-engineering an airspeed/Mach indicator from 1977	105	1673548122
34358510	Liquid democracy: two experiments on delegation in voting	108	1673549418
34358567	From Ruby to Node: Overhauling Shopify’s CLI for a better developer experience	107	1673549608
34358622	Own Your Data	107	1673549821
34358663	The Derivative of a Regular Type is its Type of One-Hole Contexts (2001) [pdf]	109	1673549993
34358759	Exxon made ‘breathtakingly’ accurate climate predictions in 1970s and 80s	217	1673550359
34358795	The UK is wasting a lot of wind power	441	1673550516
34358828	Lid – Lo-fi image dithering	118	1673550677
34359119	Researchers cannot always differentiate AI-generated and original abstracts	145	1673552053
34359383	Niron Magnetics – powerful, rare earth-free permanent magnets	131	1673553219
34359504	Ask HN: Is TypeScript worth it?	365	1673553784
34359656	Nintendo 64 Java	354	1673554510
34359736	Just use a monorepo	263	1673554837
34359839	Webb confirms its first exoplanet	181	1673555422
34360010	The James Webb Space Telescope is finding too many early galaxies	764	1673556357
34360179	Supporting the use of Rust in the Chromium project	327	1673557208
34361063	Your tech stack is not the product	256	1673561954
34361651	This Voice Doesn't Exist – Generative Voice AI	448	1673565565
34362157	Javice and the data science professor create fake customers	102	1673568408
34362210	Loss of epigenetic information can drive aging in mice	144	1673568748
34363642	Write admin tools from day one (2022)	199	1673580772
34363743	Twitter's API is down?	501	1673581908
34363974	How to Write English Prose	114	1673584303
34363991	Paizo Announces System-Neutral Open RPG License	220	1673584528
34364807	A command line tool that draw plots on the terminal	621	1673593743
34364991	Static HTML Comments	113	1673595835
34365110	What does the land under Antarctica’s ice sheet look like?	187	1673597016
34365515	Alpine.js	369	1673600987
34365536	Wakamai Fondue, the tool that answers the question “what can my font do?”	182	1673601174
34365609	The 'buy now, pay later' bubble is about to burst	148	1673601868
34366286	Liu Cixin's Technologies of the Future	160	1673608216
34366610	Ask HN: Do you hate software engineering but love programming?	760	1673611066
34366657	CNET Has Been Quietly Publishing AI-Written Articles for Months	158	1673611476
34366696	Study: Exxon mobil accurately predicted warming since 1970s	109	1673611716
34367036	I deleted all my social media 3 yrs ago and I hardcore regret it everyday	138	1673614406
34367390	Yet another keyboard post, or, introducing ErgoNICE	163	1673616760
34367767	A 116kb WASM of Blink that lets you run x86_64 Linux binaries in the browser	296	1673618325
34367780	ABC: A C compiler for printable x86	123	1673618381
34367820	Big meat can’t quit antibiotics	224	1673618518
34367824	OpenAI starts testing ChatGPT premium	180	1673618525
34367905	Endemic pathogens are causing psychiatric illnesses and shortening lives	138	1673618819
34368237	Ask HN: We found a cracked version of our software on the web, now what?	216	1673620507
34368597	Examples of floating point problems	255	1673621961
34368601	Working for a Dating Website (2015)	164	1673621982
34369110	ChatGPT Can't Kill Anything Worth Preserving	239	1673623931
34369560	History of Web Browser Engines from 1990 until today (2022)	196	1673625529
34370340	An Update on the Open Game License (OGL)	135	1673628483
34370440	Analog Chess	610	1673628921
34371073	Alpine Linux in the Browser (2020)	239	1673631688
34371123	Learning eBPF Exploitation	120	1673631852
34371438	Setting the bozo bit on Apple	143	1673632964
34372140	Docker 2.0 went from $11M to $135M in 2 years	327	1673635782
34372508	Sam Bankman-Fried's secret 'backdoor' discovered, FTX lawyer says	156	1673637396
34373068	CoinDesk, Inc. Files Motion to Unseal Names of SBF's Additional Bail Sureties [pdf]	110	1673639897
34373206	Strava raises prices but can’t tell you how much it costs anymore	110	1673640577
34373279	What the hell is Forth? (2019)	273	1673640959
34373725	Woman ordered to repay $2k after her employer used software to track her time	139	1673643155
34373928	ExifTool – Read, Write and Edit Meta Information	220	1673644302
34374083	Shapecatcher: Draw the Unicode character you want	155	1673645051
34374710	Docker-OSX: Run macOS VM in a Docker	458	1673648427
34374725	Pi-hole: Network-wide ad blocking	438	1673648551
34375137	Emacs Is Not Enough	151	1673650969
34375368	EPA proposes to strengthen air quality standards	158	1673652662
34375551	Twitter has blocked 3rd party apps	141	1673654001
34375735	Long Covid: major findings, mechanisms and recommendations	265	1673655143
34376276	WInd3x, the iPod Bootrom exploit 10 years too late	341	1673659623
34376420	The iPhone Keyboard – Make It or Break It (2022)	166	1673660659
34376775	TinyEMU – x86 and RISC-V emulator, small and simple while being complete	134	1673663369
34377227	Recent improvements to Safari	106	1673668147
34377461	On Trucking	145	1673671712
34377826	There was nothing “wasted” about my youth spent clubbing on ecstasy (2021)	144	1673677758
34377910	We’ve filed a law­suit chal­leng­ing Sta­ble Dif­fu­sion	208	1673679101
34378013	Sorting algorithms that don’t hate you	145	1673680380
34378460	YouTube Addiction	565	1673685349
34378756	Always look down in London: Pavement oddities	254	1673688580
34378985	New Sony Walkman music player	322	1673691123
34379109	The evolution of Unix facilities and architecture (2017)	198	1673692392
34379156	Distributing Mac apps outside the App Store, a quick start guide (2021)	151	1673693087
34379699	Show HN: Hacker News Without News	146	1673698771
34379787	The MTA’s armored money train that ran from 1951 to 2006 in NYC	170	1673699578
34379965	Anarchist Cookbook (1971) [pdf]	167	1673701128
34380359	Hyprland: A dynamic tiling Wayland compositor	144	1673704796
34380373	Project Mage is an effort to build a power-user environment in Common Lisp	190	1673704952
34380388	Whipper: Accurate Audio CD Ripping	266	1673705157
34380914	You can run Rust code in a Jupyter notebook	146	1673709426
34381219	FAA says computer failure was caused by contractors who introduced data errors	114	1673711627
34381377	Mastodon client from the people behind Tweetbot	104	1673712864
34381598	Conversations (XMPP Client) is now a UnifiedPush distributor	133	1673714558
34381884	Internal document explains why Google has become slow and bureaucratic	184	1673716522
34381895	Show HN: Kody Tools – I developed 300 tools in 6 months	151	1673716549
34382655	How to draw ideas	293	1673721192
34382744	Counting the transistors in the 8086 processor: it's harder than you might think	175	1673721720
34382751	Homelab analog telephone exchange	126	1673721772
34382908	Mold – A really fast linker	117	1673722717
34382976	I don't understand terminals, shells and SSH	102	1673723027
34383529	NASA’s Double Asteroid Redirection Test Is a Smashing Success	417	1673726032
34384719	Use.GPU Goes Trad	183	1673734942
34384730	Things I Learned from My 2 Year Old Baby Girl	212	1673735034
34384767	DragonFlyBSD's HAMMER2 File-System Being Ported to NetBSD	142	1673735351
34384825	The Inner Beauty of Basic Electronics	315	1673735876
34384936	Show HN: Robyn – A fast, extensible async Python web server with a Rust runtime	103	1673736821
34384941	ZSWatch – Open-source Zephyr-based smartwatch	181	1673736844
34385223	‘Excuuuuse me, Princess ’: An oral history of The Legend of Zelda cartoon	102	1673739475
34385766	Four thousand weeks	524	1673745196
34385785	Two research teams reverse signs of aging in mice	139	1673745360
34385951	Death of Korea's 'apartment king' leaves 100s in property purgatory	126	1673746922
34385985	A Letter from _why (2005)	150	1673747347
34386017	CircleCI says hackers stole encryption keys and customers’ source code	390	1673747852
34386052	VToonify: Controllable high-resolution portrait video style transfer	149	1673748124
34386309	Running KDE Plasma on RISC-V VisionFive-2	145	1673750882
34386449	ChatGPT scores 80% on SAT reading/writing with collective chain of thought	155	1673752860
34386570	The Bibites: Artificial Life Simulation	152	1673754677
34386682	Dell Tried to Hide Bad Capacitors Problem 2003-2005 (2010)	149	1673756394
34386876	Money creation in the modern economy (2014) [pdf]	231	1673759079
34387081	Bayesian statistics and machine learning: How do they differ?	105	1673762067
34387134	A skeptic’s guide to software architecture decisions	110	1673762728
34387407	Faster than the filesystem (2021)	216	1673767100
34387409	Ubuntu 22.04 LTS servers and phased apt updates	256	1673767113
34387754	How the blog broke the web (2017)	191	1673770785
34387834	Twitter API Page	176	1673771834
34387982	Interactive Music Theory Cheat Sheet	321	1673773682
34388095	Go FOSS: Information is power	108	1673775335
34388369	SLT – A Common Lisp Language Plugin for Jetbrains IDE Lineup	134	1673778622
34388533	MSI's (in)Secure Boot	194	1673780832
34388866	Ask HN: How do you trust that your personal machine is not compromised?	541	1673785252
34388962	I'm shadow banned by DuckDuckGo and Bing	269	1673786356
34388985	Porth, It's Like Forth but in Python	101	1673786715
34388990	Supply Chain Attack Using PyPI Packages “Colorslib”, “Httpslib”, and “Libhttps”	104	1673786781
34389023	HBO Max’s Great Looney Tunes Purge	214	1673787139
34389037	The Fourier Transform, explained in one sentence (2014)	483	1673787257
34389041	Show HN: Create your own video clips with Stable Diffusion	247	1673787325
34389076	More Than 150 Organizations Call to Close Guantánamo on 21st Anniversary	152	1673787616
34389145	A formula for the nth digit of 𝜋 and 𝜋^n	268	1673788358
34389421	How I ruined my SEO	125	1673791232
34389670	Stripe clawed back pension contributions after staff cuts	196	1673793270
34390585	How to improve Python packaging	292	1673800057
34390655	Revisiting KDE	332	1673800547
34390725	Subverting the software interview (2021)	279	1673801047
34390794	Remastering Colin McRae Rally 3 with SilentPatch	367	1673801439
34391014	NYPD can use more than 15,000 cameras to track people using facial recognition	138	1673802917
34391332	Amazon is no longer allowing downloading Kindle Unlimited titles via USB	166	1673805104
34391559	How to beat lag when developing a multiplayer RTS game	140	1673806554
34391619	For your next side project, make a browser extension	516	1673806880
34391632	DIY Raspberry / Orange Pi NAS That Looks Like a NAS – 2023 Edition	174	1673806972
34391742	Enabling Bluetooth connections on Stadia Controllers	360	1673807694
34392084	NSA asks Congress to let it get on with that warrantless data harvesting, again	307	1673809611
34392193	Gimp 2.10.32 on Apple Silicon (2022)	149	1673810196
34392391	Apple Has Begun Scanning Your Local Image Files Without Consent	185	1673811103
34392590	Rust vs. C++ Formatting	163	1673812221
34392783	Tell HN: Repurposing old iPads as home security cameras	126	1673813268
34392885	Making Lenses Practical in Java	106	1673813945
34393078	Friday night’s near-disaster at JFK airport	393	1673815026
34393085	Awk: Power and Promise of a 40 yr old language (2021)	229	1673815054
34393273	Tell HN: Windows 10 might have tricked you into using a online account	127	1673816188
34393485	The Shit Show	723	1673817253
34393791	Wasavi – Vi editor for any webpage	130	1673818841
34394350	The global health-care collapse	149	1673822026
34394351	We invested 10% to pay back tech debt	326	1673822031
34394414	Windows 98 icons are great (2015)	312	1673822332
34394594	Elliptic Curves: The Great Mystery	173	1673823629
34395153	1500 Archers on a 28.8: Network Programming in Age of Empires and Beyond (2001)	398	1673828053
34396026	Show HN: Terra Firma, a playable erosion simulation	229	1673835486
34396303	Autotone – A vocal pitch correction web application, like Autotune	113	1673837883
34396546	TensorFlow for Python is dying?	219	1673840599
34396605	The art and science of spending money	243	1673841314
34396664	Tweetbot is back down again	197	1673841965
34396958	Bill Gates tries to install Movie Maker	125	1673844795
34397092	IBM shifts remaining US-based AIX dev jobs to India – source	117	1673846195
34397245	Byte Magazine 1975-1995	223	1673847895
34397436	Bill Gates tries to install Movie Maker (2003)	168	1673849671
34397514	Selfie – A tiny RISC-V C compiler, emulator and hypervisor	187	1673850523
34397715	Heat pumps of the 1800s are becoming the technology of the future	399	1673852351
34398396	A cab ride I'll never forget (1999)	1717	1673858649
34398791	How Nvidia’s CUDA Monopoly in Machine Learning Is Breaking	166	1673862571
34399125	Granian – a Rust HTTP server for Python applications	179	1673864990
34399142	Reverse engineering a neural network's clever solution to binary addition	562	1673865132
34399790	How fighting games use delay-based and rollback netcode (2019)	121	1673870659
34399811	There’s no planet B	163	1673870942
34399970	Wobbly clock	882	1673872359
34400024	The IAB loves tracking users but hates users tracking them	391	1673872845
34400214	Servo to Advance in 2023	300	1673874590
34400435	Ask HN: When to make the jump to freelance/consultant?	121	1673875943
34400443	Show HN: Sketch – AI code-writing assistant that understands data content	252	1673876016
34401418	Apple Silicon Mac’s have 2-3 times longer battery than PC laptops	128	1673881971
34401530	Godot for AA/AAA game development – What's missing?	276	1673882691
34401960	Wikipedia editors serving long sentences in Saudi Arabia since 2020	177	1673884949
34402648	GPT-3 is the best journal I’ve used	213	1673888363
34402737	The FTC plans to curtail the use of non-compete clauses	190	1673888756
34402887	Intel Core i9-13900T CPU benchmarks show faster than 12900K 125W performance	122	1673889476
34403742	Conditional CSS	160	1673893231
34404923	Boris Yeltsin's visit to a suburban Houston supermarket in 1989 (2016)	261	1673899767
34405207	I Am the Ghost Here	152	1673901598
34405397	Netflix has created a self-fulfilling cancelation loop with its new shows	212	1673902754
34405432	The hardest part of being a junior developer	119	1673902993
34405846	Apple TV prompt requires another Apple device	383	1673905256
34406127	Major standard library changes in Go 1.20	246	1673907098
34406340	Show HN: Vento, a screen recorder that lets you rewind and record over mistakes	224	1673908310
34406610	Programmer salaries in the age of LLMs	150	1673909675
34406619	How my brother's iCloud account was stolen	116	1673909718
34406760	Quitting the rat race	413	1673910489
34407924	Show HN: Otterkit – COBOL compiler for .NET	192	1673918007
34408123	The Pretty Good House	616	1673919481
34408680	Hubble finds black hole twisting captured star into donut shape	174	1673924627
34409772	Why is Amazon selling fake 16TB portable SSD drives?	146	1673937977
34410072	How does it know I want CSV? – An HTTP trick	220	1673941375
34410187	How Memory safety approaches speed up and slow down development velocity	141	1673942774
34410624	Twitter kicking off a developer API campaign on January 16, 2023	114	1673947527
34410734	Monochrome terminal setup for an E-ink monitor (2022)	175	1673948643
34410776	Why we need to know LR and recursive descent parsing techniques	188	1673949104
34410870	Official SkiFree Home Page	185	1673950000
34410879	Dijkstra Maps Visualized	128	1673950173
34411009	Tell HN: Gmail's spam filters have gone bonkers	129	1673951809
34411018	PHP in 2023	202	1673951942
34412069	Ask HN: Books that teach programming by building a series of small projects?	473	1673961844
34412080	The FBI Identified a Tor User	427	1673961899
34412444	Show HN: A tool for motion-capturing 3D characters using a VR headset	103	1673964210
34412610	MacBook Pro featuring M2 Pro and M2 Max	871	1673965080
34412671	New Mac Mini	305	1673965373
34413012	Ruby 3.2’s YJIT is Production-Ready	481	1673967028
34413030	My grandfather was almost shot down at the White House (2018)	188	1673967089
34413375	New make --shuffle mode	243	1673968573
34413641	Ask HN: What interesting people are you following on Mastodon?	190	1673969513
34414215	Is a venture studio right for you?	107	1673971659
34414322	Glitching a microcontroller to unlock the bootloader	103	1673972086
34414366	UK lawmakers vote to jail tech execs who fail to protect kids online	155	1673972283
34414420	Conservatives think ChatGPT has gone 'woke'	155	1673972499
34414527	Ask HN: Has anyone worked at the US National Labs before?	410	1673972872
34414598	Diskless infrastructure in beta (System Transparency: stboot) (2022)	129	1673973163
34414716	Let's build GPT: from scratch, in code, spelled out by Andrej Karpathy [video]	1110	1673973629
34415413	Tesla video promoting self-driving was staged, engineer testifies	395	1673976166
34415704	The Quest for a Dumber Phone	164	1673977343
34415732	Cruel optimism and lazy pessimism	216	1673977470
34415889	Common Lisp and Music Composition	131	1673978066
34415901	In the past, I've had students call my problem sets “emotionally trying”	154	1673978101
34415936	ChrysaLisp	153	1673978208
34416386	Show HN: Plus – Self-updating screenshots	307	1673979786
34416467	Datasette is my data hammer	299	1673980054
34416682	UT-Austin blocks access to TikTok on campus Wi-Fi networks	203	1673980734
34417103	Git security vulnerabilities announced	387	1673982309
34417131	Stadia Bluetooth Mode	158	1673982420
34417232	A new scan to detect and cure the commonest cause of high blood pressure	173	1673982941
34417336	Losing Taiwan Means Losing Japan (2020)	179	1673983425
34417636	Republicans to pass bill in House to end telework for federal employees	114	1673984580
34417750	Microsoft to lay off 11k employees	659	1673985022
34418340	EV batteries alone could satisfy short-term grid storage demand as early as 2030	264	1673986915
34418372	What’s going on in the world of extensions	137	1673987053
34418425	Apple offers $970 in trade-in value for $52,199 Mac Pro	167	1673987277
34420142	Tailscale bug allowed a person to share nodes from other tailnets without auth	378	1673993408
34420306	Hyundai Head Unit Hacking	283	1673994103
34420450	The ThinkPad TrackPoint tried to build a better mouse (2020)	163	1673994851
34420727	A flurry of new studies identifies causes of the Industrial Revolution	137	1673996293
34420789	The art of knowing when to quit	212	1673996646
34420959	Small VMs and Coroutines	105	1673997687
34421314	Show HN: Summate.it – Quickly summarize web articles with OpenAI	142	1673999981
34421594	Ask HN: Techwise, how did TikTok get so good?	147	1674001696
34422122	GPT-3.5 and Wolfram Alpha via LangChain	107	1674004593
34422627	LangChain: Build AI apps with LLMs through composability	372	1674008173
34422948	WebGL Fluid Simulation	143	1674011016
34423221	Fast DataFrames for Ruby	122	1674013505
34423224	Japanese manhole mass production process [video]	206	1674013520
34423395	DensePose from WiFi	176	1674015643
34423557	No Start Menu for You	427	1674017602
34423590	Typst: A Programmable Markup Language for Typesetting [pdf]	116	1674018077
34423813	Rapid-fire laser diverts lightning strikes	113	1674021023
34423979	Meet “Claude”: Anthropic’s rival to ChatGPT	188	1674023332
34424150	IBM Quantum System Two	101	1674025414
34424470	Screenshots as the Universal API	108	1674029175
34424854	Thonny – Python IDE for beginners	402	1674033333
34425067	Hello, PNG	268	1674036060
34425503	US startup's bladeless VTOL can reach up to 0.8 Mach	101	1674040941
34425525	Create optimal conditions for lucky things to happen to you (2020)	218	1674041186
34425614	Source code for Dutch DigiD app released under Dutch Open Government Act	226	1674042106
34425734	GeoServer is an open source server for sharing geospatial data	127	1674043439
34426198	ReactOS	204	1674047380
34426421	OpenAI used Kenyan workers on less than $2 per hour to make ChatGPT less toxic	517	1674048931
34426735	Apple HomePod 2nd Generation	166	1674051014
34426875	Loss of epigenetic information as a cause of mammalian aging	136	1674051678
34427055	Microsoft to lay off 10k workers	346	1674052573
34427081	Tar.pl – A tar creator and extractor in ~130 lines of Prolog	271	1674052695
34427277	Amazon set to begin new round of layoffs affecting over 18,000 people	257	1674053545
34427295	A candle produces roughly the same amount of energy as a resting human	115	1674053620
34427504	Times New Roman is being phased out at the State Department, replaced by Calibri	207	1674054516
34427553	Bitwarden Acquires Passwordless.dev	479	1674054696
34427604	Rust concepts I wish I learned earlier	379	1674054876
34427864	Stop Building on Corporate-Controlled Languages	199	1674055852
34428033	Ask HN: With recent layoffs, how would you advise new grads entering the market?	285	1674056504
34428680	Argdown: A simple syntax for complex argumentation	120	1674058784
34429175	Explore Wikipedia's New Look	292	1674060555
34429298	Bank of America has lost Zelle transfers for many customers	275	1674060990
34429502	U.S. military-run slot machines earn $100M a year from service members	380	1674061800
34429791	QuestPDF: Modern .NET library for PDF document generation	195	1674062825
34429869	Why to start a startup in a bad economy (2008)	392	1674063134
34430390	New Norwegian land could emerge from the Atlantic Ocean	119	1674065058
34430458	Bun v0.5	330	1674065353
34431056	Which GPU(s) to get for deep learning	348	1674067698
34431908	Salesforce, but for Dating	205	1674070901
34432364	Personas	143	1674072765
34432385	Generative AI and The Future of Work	106	1674072876
34432735	Burn-out, daunting work, overstretched, and it's just too much	149	1674074338
34432899	My best techniques for evaluating character	248	1674075063
34433023	Loneliness is a measure of self-understanding	140	1674075723
34433089	Someone stole my car and now I own hundreds of vinyl records	629	1674076067
34433950	An aggressive, stealthy web spider operating from Microsoft IP space	203	1674080415
34434025	HC-tree is an experimental high-concurrency database back end for SQLite	524	1674080826
34434042	Boston Dynamics’ bipedal robot Atlas can now grab and toss	310	1674080971
34434249	Show HN: Unblob – extraction suite for 30+ file formats	240	1674082272
34434636	Things I’ve learned in my years as a software engineer (2021)	557	1674084442
34435338	Amazon Closing AmazonSmile	517	1674089547
34435745	Facebook Container Extension	216	1674092888
34436049	Scamp – A self-contained Forth computer	124	1674095542
34436311	Stop Calling Everything AI, Machine-Learning Pioneer Says (2021)	107	1674098305
34436606	Ask HN: Why are toggle switches replacing checkboxes? Isn't on/off less obvious?	445	1674101465
34436625	Short, friendly base32 slugs from timestamps	142	1674101673
34437285	Coinbase halts operations in Japan	149	1674109050
34437367	Plant-based meat is turning out to be a flop	265	1674110348
34437735	Formalising a new proof that the square root of two is irrational	103	1674114113
34437937	What not to write on your security clearance form (1988)	864	1674116283
34438115	Pandoc 3.0	504	1674117936
34438251	Pwned or Bot	195	1674119383
34438560	The State of the Awk (2020)	105	1674122459
34439239	AcousticBrainz: Making a hard decision to end the project (2022)	177	1674128269
34439387	Huge pages are a good idea	175	1674129460
34439461	Show HN: A version control system based on rsync	249	1674130067
34439525	Photos capture life inside a drop of seawater	890	1674130654
34439588	Plastic to Oil – Produces 80% Oil	239	1674131204
34439619	Jabber.org has migrated to Prosody IM	160	1674131520
34439828	Ask HN: Math books that made you significantly better at math?	619	1674133297
34439883	Telling your inner critic to chill	127	1674133711
34440228	Nationwide FAA weather reporting outage	185	1674136321
34440757	Lisa Source Code Release	387	1674139277
34441346	Show HN: Retool Mobile	226	1674142281
34441697	Tell HN: It is impossible to disable Google 2FA using backup codes	657	1674143912
34442046	Websites selling abortion pills are sharing sensitive data with Google	157	1674145461
34442528	A first person shooter in 571 lines of GNU Awk (2016)	514	1674147310
34442603	Launch HN: Odigos (YC W23) – Instant distributed tracing for Kubernetes clusters	162	1674147592
34442647	Amazon ends charity donation program AmazonSmile	407	1674147732
34443151	Wolf Incident Postmortem	102	1674150181
34443471	Stock market charts you never saw (2021)	456	1674151651
34443629	Tell HN: Coinbase is a joke (product and support)	211	1674152489
34443813	Exploiting null-dereferences in the Linux kernel	158	1674153438
34444286	DALL-E for Playlists	200	1674155504
34444377	Simulation Intelligence: Towards a New Generation of Scientific Methods (2022)	133	1674155970
34444953	Gptcommit: Never write a commit message again (with the help of GPT-3)	125	1674158905
34445305	ZeroSSL: XSS to session hijacking, stealing a private key (and password hash)	112	1674160802
34445367	Ultibo – Bare-Metal Pascal for Raspberry Pi	124	1674161112
34445602	Sudoedit can edit arbitrary files	109	1674162326
34445702	Twitterrific has been discontinued	505	1674162909
34445873	ChatRWKV, like ChatGPT but powered by the RWKV (RNN-based, open) language model	300	1674163772
34446513	Nuclear explosion impact on humans indoors (2022)	116	1674166951
34446673	How to own an airline in 3 easy steps and grab the TSA nofly list along the way	1028	1674167952
34446704	How to destroy a certificate authority in one month	276	1674168191
34447883	T-Mobile says investigating data breach involving 37M accounts	188	1674176746
34447945	The Art of Money Getting or Golden Rules for Making Money by P. T. Barnum (1880)	194	1674177226
34448211	The Grapes of Wrath’s Foreshadowing of the Cold War (2018)	168	1674179308
34448524	Twitter TOS Change	106	1674182337
34448576	CarSized: A way to visualise car dimensions	396	1674182780
34449527	Deep learning tuning playbook	175	1674191832
34449626	I've procrastinated working on my thesis for more than a year	577	1674192924
34450059	SSHD: Random boot time relinking, OpenBSD	101	1674198893
34450096	Ask HN: Where are all the parties?	298	1674199446
34450550	Lights have been on at this school for a year because no one can turn them off	132	1674204829
34450880	Runlike: Given an existing Docker container, prints the command line to run it	191	1674208308
34451002	Surprising things that CSS can animate (2020)	295	1674209624
34451051	Google to reduce workforce by 12k	1479	1674210061
34451344	Choosing a Postgres primary key	220	1674212130
34451373	Can a Human See a Single Photon? (1996)	167	1674212284
34451566	The myth of the myth of the 10x programmer (2020)	270	1674213685
34452526	Replacing Pandas with Polars	103	1674219697
34452845	Amazon job cuts: Read the memos	132	1674221354
34453130	The Rise of Steel Part II	112	1674222876
34453701	Wayfair is laying off 1,750 workers	184	1674225376
34453877	ChatGPT is not all you need. A SOTA Review of large Generative AI models	157	1674226292
34453971	Mercedes-Benz workforce to receive record profit-sharing bonus	397	1674226773
34454124	Rust in 2023: Growing Up	105	1674227495
34454158	Idris: A language for type-driven development	275	1674227619
34454165	🥺: the best sudo replacement	335	1674227655
34454184	Pipe Operator (|>) For JavaScript	309	1674227731
34455518	Ask HN: Has anyone successfully started their career over in their 30s?	213	1674232437
34455555	The exploited labor behind artificial intelligence (2022)	171	1674232556
34455854	Ask HN: Google spam filter getting worse?	158	1674233427
34455934	Tell HN: Sometimes you don't realise how bad something is until you leave	756	1674233664
34456416	Job Hunting in 2022	309	1674235453
34456573	Lean – Theorem Prover	101	1674236095
34456904	General technology for enabling AI capabilities with LLMs and Generative models	104	1674237216
34457130	GitHub Sunsetting Subversion Support	319	1674238074
34457143	Towards a Reproducible F-Droid	219	1674238130
34457224	Drug-resistant cases of gonorrhea detected in the US	119	1674238454
34457508	Script Kit: cross-platform, scriptable, automatic shortcuts to everything	136	1674239495
34457657	Tweetbot. April 2011 – January 2023	727	1674239981
34457663	NRC Certifies First U.S. Small Modular Reactor Design	588	1674240033
34457730	Show HN: Timeretain – Track, visualize, and export your hours	105	1674240319
34457900	Citizen scientists report global rapid reductions in the visibility of stars	318	1674240878
34458414	Large Transformer Model Inference Optimization	136	1674242827
34458695	Microsoft held an invite-only concert for execs, 1 day before announcing layoffs	167	1674243924
34459053	From Zero to main(): Bare metal C (2019)	255	1674245255
34459666	Elizabeth Holmes bought one-way ticket to Mexico after convicted of fraud	127	1674247469
34460821	New York got it wrong on cybersecurity and the right to repair	120	1674252943
34460868	Ain't it funny how the knight moves?	312	1674253143
34460997	Tell HN: From bartending to managing cloud infrastructure	221	1674253839
34461265	Offsec.tools – A vast collection of security tools	112	1674255217
34461351	Fighting murder convictions that rest on shoddy stats	120	1674255656
34461808	Summer Afternoon – A WebGL Experiment	930	1674258089
34462122	IRS Free File: Do Your Taxes for Free	386	1674259761
34462176	Viral illnesses may increase chances of developing neurodegenerative diseases	133	1674260142
34462443	You don't have to engage with people on the Internet	279	1674261744
34462926	Techniques to improve reliability	302	1674265702
34463677	iPhones and iPads Now Require a Passcode on Every Backup/Sync	122	1674272859
34463718	An instruction oddity in the ppc64 (PowerPC 64-bit) architecture	123	1674273365
34463828	Kernel-WASM: Sandboxed kernel mode WebAssembly runtime for Linux	103	1674274529
34463869	Self-Soldering Circuits [video]	223	1674274962
34464063	Information about a recent security incident at Mailchimp	106	1674277672
34464512	GNU Octave	313	1674284682
34464865	Andromeda Invaders: A retro-style game written in HTML5, Canvas, and Web Audio	167	1674289719
34464951	A page with no code	375	1674291084
34465008	Make up a guy	211	1674291725
34465455	The 88x31 GIF Collection	239	1674297796
34465941	Microsoft is checking everyone's bags for unsupported Office installs	132	1674303842
34466693	VSCode Swift 1.0	112	1674311806
34466747	A Dump of the Raw Stadia Controller BT Firmware	173	1674312371
34466766	Area 120, Google’s in-house incubator, severely impacted by Alphabet mass layoff	122	1674312515
34466910	The Website Obesity Crisis (2015)	114	1674313849
34466934	US Pilot Shot Down Four Soviet MiGs in 30 minutes – A secret for 50 years	153	1674314052
34466985	Direct Memory Access computing machine RP2040	181	1674314435
34467490	My husband was right about DVDs	324	1674318138
34467523	An unexpected benefit of unit tests	189	1674318367
34467636	Amazon Smile Gets a Frown	113	1674319155
34467714	A large network of fake Google Maps comments/reviews and fake businesses	263	1674319770
34467928	Capital One axes 1k tech roles	212	1674321181
34467931	What to do when you’ve ruined your life	110	1674321220
34467937	Quiet, ultrathin AirJet solid state active cooling chips could replace fans	159	1674321266
34467952	Thoughts on the Python packaging ecosystem	130	1674321361
34468212	The Globus INK: a mechanical navigation computer for Soviet spaceflight	146	1674322675
34468644	Buy hi-resolution satellite images of any place on earth	713	1674324863
34468654	The McMurdo Webcams	120	1674324944
34469078	Vikunja – Open-source, self-hostable to-do app	322	1674327192
34469154	Ask HN: Great text based games to play?	218	1674327733
